{
  "activateSkinCapeForUserVersion": false,
  "skipHashsumValidation": false,
  "additionalFiles": [
    {
      "sha1": "8c5a95cbce940cfdb304376ae9fea47968d02587",
      "size": 10436626,
      "path": "libraries/net/minecraft/client/1.20.1-20230612.114412/client-1.20.1-20230612.114412-extra.jar",
      "url": "http://res.tlauncher.org/unb/libraries/cache/net/minecraft/client/1.20.1-20230612.114412/client-1.20.1-20230612.114412-extra.jar"
    },
    {
      "sha1": "de86b035d2da0f78940796bb95c39a932ed84834",
      "size": 12592249,
      "path": "libraries/net/minecraft/client/1.20.1-20230612.114412/client-1.20.1-20230612.114412-slim.jar",
      "url": "http://res.tlauncher.org/unb/libraries/cache/net/minecraft/client/1.20.1-20230612.114412/client-1.20.1-20230612.114412-slim.jar"
    },
    {
      "sha1": "6c48521eed01fe2e8ecdadbd5ae348415f3c47da",
      "size": 8001795,
      "path": "libraries/net/minecraft/client/1.20.1-20230612.114412/client-1.20.1-20230612.114412-mappings.txt",
      "url": "http://res.tlauncher.org/unb/libraries/cache/net/minecraft/client/1.20.1-20230612.114412/client-1.20.1-20230612.114412-mappings.txt"
    },
    {
      "sha1": "3c8aa19b710a3a68f721210eb69b74594d13e218",
      "size": 18842082,
      "path": "libraries/net/minecraft/client/1.20.1-20230612.114412/client-1.20.1-20230612.114412-srg.jar",
      "url": "http://res.tlauncher.org/unb/libraries/cache/net/minecraft/client/1.20.1-20230612.114412/client-1.20.1-20230612.114412-srg.jar"
    },
    {
      "sha1": "4b6c41d915c857a006634a12b6cdf9e08451a4fd",
      "size": 4792900,
      "path": "libraries/net/minecraftforge/forge/1.20.1-47.3.0/forge-1.20.1-47.3.0-client.jar",
      "url": "http://res.tlauncher.org/unb/libraries/cache/net/minecraftforge/forge/1.20.1-47.3.0/forge-1.20.1-47.3.0-client.jar"
    },
    {
      "sha1": "7aeb6f58286b5398dc7dfa1d3db1757e601145c1",
      "size": 2753075,
      "path": "libraries/net/minecraftforge/forge/1.20.1-47.3.0/forge-1.20.1-47.3.0-universal.jar",
      "url": "http://res.tlauncher.org/unb/libraries/cache/net/minecraftforge/forge/1.20.1-47.3.0/forge-1.20.1-47.3.0-universal.jar"
    },
    {
      "sha1": "3b6be96aba3e323f3c918e8ef6a96312d82d76ad",
      "size": 118685,
      "path": "libraries/net/minecraftforge/fmlcore/1.20.1-47.3.0/fmlcore-1.20.1-47.3.0.jar",
      "url": "http://res.tlauncher.org/unb/libraries/cache/net/minecraftforge/fmlcore/1.20.1-47.3.0/fmlcore-1.20.1-47.3.0.jar"
    },
    {
      "sha1": "d7ebc62120f202109e300e084ca1a31a7b946a62",
      "size": 16516,
      "path": "libraries/net/minecraftforge/javafmllanguage/1.20.1-47.3.0/javafmllanguage-1.20.1-47.3.0.jar",
      "url": "http://res.tlauncher.org/unb/libraries/cache/net/minecraftforge/javafmllanguage/1.20.1-47.3.0/javafmllanguage-1.20.1-47.3.0.jar"
    },
    {
      "sha1": "6093682e943ddccbabf70539319d7f2fe64db2e7",
      "size": 4998,
      "path": "libraries/net/minecraftforge/mclanguage/1.20.1-47.3.0/mclanguage-1.20.1-47.3.0.jar",
      "url": "http://res.tlauncher.org/unb/libraries/cache/net/minecraftforge/mclanguage/1.20.1-47.3.0/mclanguage-1.20.1-47.3.0.jar"
    },
    {
      "sha1": "1bf3e845ea0ce750096da8c71c8364b188ab74d4",
      "size": 7398,
      "path": "libraries/net/minecraftforge/lowcodelanguage/1.20.1-47.3.0/lowcodelanguage-1.20.1-47.3.0.jar",
      "url": "http://res.tlauncher.org/unb/libraries/cache/net/minecraftforge/lowcodelanguage/1.20.1-47.3.0/lowcodelanguage-1.20.1-47.3.0.jar"
    }
  ],
  "tlauncherVersion": 0,
  "modpack": {
    "modpackMemory": false,
    "memory": 0,
    "id": -311040523760500,
    "name": "rasp",
    "favorite": false,
    "version": {
      "mods": [
        {
          "stateGameElement": "active",
          "id": 10000020,
          "name": "TL skin and cape",
          "author": "tlauncher.org",
          "uuid": "cd3ef9ea-62dd-11e6-b39e-002590a1379b",
          "linkProject": "https://tlauncher.org",
          "favorite": false,
          "categories": [],
          "picture": 73988,
          "pictures": [
            73990,
            73989
          ],
          "lanName": "tl-skin-and-cape",
          "version": {
            "id": 11005070,
            "name": "1.32",
            "updateDate": 1688561637000,
            "type": "release",
            "gameVersionsDTO": [
              {
                "id": 46,
                "name": "1.20.1"
              },
              {
                "id": 45,
                "name": "1.20"
              }
            ],
            "metadata": {
              "sha1": "b7df8fec6b076b9b1755754f03fde08349d221d1",
              "size": 715179,
              "path": "mods/tl_skin_cape_forge_1.20_1.20.1-1.32.jar",
              "url": "/mods/23168708/11005069/tl_skin_cape_forge_1.20_1.20.1-1.32.jar"
            },
            "available": false,
            "minecraftVersionTypes": [
              {
                "id": 1,
                "name": "forge"
              }
            ]
          },
          "downloadMonth": 332992,
          "userInstall": false,
          "populateStatus": false,
          "dependencies": [],
          "lastGameVersion": {
            "id": 57,
            "name": "1.21.4"
          },
          "updated": 1735569740000,
          "update": 1735569740000,
          "downloadALL": 407673723,
          "available": true,
          "parser": false,
          "totalComments": 0,
          "adult": false
        },
        {
          "stateGameElement": "active",
          "id": 9999999,
          "name": "OptiFine",
          "author": "OptiFine.net",
          "uuid": "cd3ef9ea-62dd-11e6-b39e-002590a1379b",
          "linkProject": "https://optifine.net",
          "favorite": false,
          "categories": [
            {
              "id": 22,
              "name": "mc_miscellaneous",
              "shortName": "mixed",
              "nesting": 0
            }
          ],
          "picture": 52103,
          "pictures": [],
          "lanName": "optifine",
          "version": {
            "id": 11007362,
            "name": "1.20.1_HD_U_I6_pre6",
            "updateDate": 1702183588000,
            "type": "release",
            "gameVersionsDTO": [
              {
                "id": 46,
                "name": "1.20.1"
              }
            ],
            "metadata": {
              "sha1": "445b32b14a2c2802d5a0832a708712d2fabafbc2",
              "size": 7145056,
              "path": "mods/preview_OptiFine_1.20.1_HD_U_I6_pre6.jar",
              "url": "/mods/23762020/11007361/preview_OptiFine_1.20.1_HD_U_I6_pre6.jar"
            },
            "available": false,
            "minecraftVersionTypes": [
              {
                "id": 1,
                "name": "forge"
              }
            ]
          },
          "downloadMonth": 106929,
          "userInstall": false,
          "populateStatus": false,
          "dependencies": [],
          "lastGameVersion": {
            "id": 57,
            "name": "1.21.4"
          },
          "updated": 1740126009000,
          "update": 1740126009000,
          "downloadALL": 102286448,
          "available": true,
          "parser": false,
          "totalComments": 0,
          "adult": false
        },
        {
          "stateGameElement": "no_active",
          "id": 263420,
          "name": "Xaero's Minimap",
          "author": "xaero96",
          "linkProject": "https://www.curseforge.com/minecraft/mc-mods/xaeros-minimap",
          "favorite": false,
          "categories": [
            {
              "id": 21,
              "name": "technology_player_transport",
              "shortName": "transport",
              "nesting": 0
            },
            {
              "id": 6,
              "name": "map_information",
              "shortName": "maps",
              "nesting": 0
            }
          ],
          "picture": 808845,
          "pictures": [],
          "lanName": "xaeros-minimap",
          "version": {
            "id": 6184430,
            "name": "Xaeros_Minimap_25.1.0_Forge_1.20",
            "updateDate": 1739353564000,
            "gameVersionsDTO": [
              {
                "id": 46,
                "name": "1.20.1"
              },
              {
                "id": 45,
                "name": "1.20"
              }
            ],
            "metadata": {
              "sha1": "17baacd5fd6b343c7f0828b33209968aebf1f4ab",
              "size": 1671075,
              "path": "mods/Xaeros_Minimap_25.1.0_Forge_1.20.jar",
              "url": "/mods/263420/6184430/Xaeros_Minimap_25.1.0_Forge_1.20.jar"
            },
            "available": false,
            "minecraftVersionTypes": [
              {
                "id": 1,
                "name": "forge"
              }
            ]
          },
          "downloadMonth": 33245,
          "userInstall": false,
          "populateStatus": false,
          "dependencies": [
            {
              "gameType": "mod",
              "id": 5058,
              "name": "Open Parties and Claims",
              "gameEntityId": 636608,
              "dependencyType": "optional"
            },
            {
              "gameType": "mod",
              "id": 5395,
              "name": "Xaero's World Map",
              "gameEntityId": 317780,
              "dependencyType": "optional"
            }
          ],
          "lastGameVersion": {
            "id": 57,
            "name": "1.21.4"
          },
          "updated": 1739307600000,
          "update": 1739307600000,
          "downloadALL": 22853354,
          "available": true,
          "parser": true,
          "totalComments": 0,
          "adult": false
        },
        {
          "stateGameElement": "active",
          "id": 32274,
          "name": "JourneyMap",
          "author": "techbrew",
          "linkProject": "https://www.curseforge.com/minecraft/mc-mods/journeymap",
          "favorite": false,
          "categories": [
            {
              "id": 6,
              "name": "map_information",
              "shortName": "maps",
              "nesting": 0
            }
          ],
          "picture": 787401,
          "pictures": [],
          "lanName": "journeymap",
          "version": {
            "id": 5789363,
            "name": "journeymap-1.20.1-5.10.3-forge",
            "updateDate": 1728241125000,
            "type": "release",
            "gameVersionsDTO": [
              {
                "id": 46,
                "name": "1.20.1"
              }
            ],
            "metadata": {
              "sha1": "d0bbe7c23049892b154b6417904dd027fb53a37a",
              "size": 7160405,
              "path": "mods/journeymap-1.20.1-5.10.3-forge.jar",
              "url": "/mods/32274/5789363/journeymap-1.20.1-5.10.3-forge.jar"
            },
            "available": false,
            "minecraftVersionTypes": [
              {
                "id": 1,
                "name": "forge"
              }
            ]
          },
          "downloadMonth": 40310,
          "userInstall": false,
          "populateStatus": false,
          "dependencies": [
            {
              "gameType": "mod",
              "id": 5027,
              "name": "JourneyMap Tools",
              "gameEntityId": 226005,
              "dependencyType": "tools"
            }
          ],
          "lastGameVersion": {
            "id": 57,
            "name": "1.21.4"
          },
          "updated": 1739998800000,
          "update": 1739998800000,
          "downloadALL": 40769113,
          "available": true,
          "parser": true,
          "totalComments": 0,
          "adult": false
        }
      ],
      "resourcePacks": [],
      "maps": [],
      "shaderpacks": [
        {
          "stateGameElement": "active",
          "id": 322506,
          "name": "BSL Shaders",
          "author": "capttatsu",
          "uuid": "425fe2ba-b049-11e9-9fef-002590a1379b",
          "linkProject": "https://www.curseforge.com/minecraft/customization/bsl-shaders",
          "favorite": false,
          "categories": [
            {
              "id": 71,
              "name": "configuration",
              "shortName": "configuration",
              "nesting": 0
            }
          ],
          "picture": 451244,
          "pictures": [
            352158
          ],
          "lanName": "bsl-shaders",
          "version": {
            "id": 5905130,
            "name": "BSL_v8.4",
            "updateDate": 1731666411000,
            "type": "release",
            "gameVersionsDTO": [
              {
                "id": 7,
                "name": "1.9.4"
              },
              {
                "id": 46,
                "name": "1.20.1"
              },
              {
                "id": 50,
                "name": "1.20.5"
              },
              {
                "id": 49,
                "name": "1.20.4"
              },
              {
                "id": 51,
                "name": "1.20.6"
              },
              {
                "id": 23,
                "name": "1.14.4"
              },
              {
                "id": 6,
                "name": "1.10.2"
              },
              {
                "id": 26,
                "name": "1.15.2"
              },
              {
                "id": 35,
                "name": "1.18.2"
              },
              {
                "id": 32,
                "name": "1.17.1"
              },
              {
                "id": 4,
                "name": "1.11.2"
              },
              {
                "id": 19,
                "name": "1.13.2"
              },
              {
                "id": 53,
                "name": "1.21.1"
              },
              {
                "id": 12,
                "name": "1.7.10"
              },
              {
                "id": 45,
                "name": "1.20"
              },
              {
                "id": 52,
                "name": "1.21"
              },
              {
                "id": 31,
                "name": "1.16.5"
              },
              {
                "id": 48,
                "name": "1.20.3"
              },
              {
                "id": 54,
                "name": "1.21.2"
              },
              {
                "id": 55,
                "name": "1.21.3"
              },
              {
                "id": 9,
                "name": "1.8.9"
              },
              {
                "id": 44,
                "name": "1.19.4"
              },
              {
                "id": 47,
                "name": "1.20.2"
              },
              {
                "id": 1,
                "name": "1.12.2"
              }
            ],
            "metadata": {
              "sha1": "5338f80a9d833f6bfff4c06bdd0d6691abe9f7d1",
              "size": 1100231,
              "path": "shaderpacks/BSL_v8.4.zip",
              "url": "/shaderpacks/322506/5905130/BSL_v8.4.zip"
            },
            "available": false,
            "minecraftVersionTypes": []
          },
          "downloadMonth": 4674,
          "userInstall": false,
          "populateStatus": false,
          "dependencies": [],
          "lastGameVersion": {
            "id": 57,
            "name": "1.21.4"
          },
          "updated": 1686160800000,
          "update": 1686160800000,
          "downloadALL": 8744381,
          "available": true,
          "parser": true,
          "totalComments": 0,
          "adult": false
        }
      ],
      "gameVersionDTO": {
        "id": 46,
        "name": "1.20.1"
      },
      "minecraftVersionName": {
        "id": 3753,
        "name": "47.3.0"
      },
      "id": -311040524024801,
      "name": "1.0",
      "available": false,
      "minecraftVersionTypes": [
        {
          "id": 1,
          "name": "forge"
        }
      ]
    },
    "userInstall": false,
    "populateStatus": false,
    "available": false,
    "parser": false,
    "totalComments": 0
  },
  "source": "local_version_repo",
  "jar": "1.20.1",
  "skinVersion": true
}