{
  "activateSkinCapeForUserVersion": false,
  "skipHashsumValidation": false,
  "tlauncherVersion": 0,
  "modpack": {
    "modpackMemory": false,
    "memory": 0,
    "id": -20332277995300,
    "name": "Minecraf 1.20.1",
    "favorite": false,
    "version": {
      "mods": [
        {
          "stateGameElement": "active",
          "id": 10000020,
          "name": "TL skin and cape",
          "author": "tlauncher.org",
          "uuid": "cd3ef9ea-62dd-11e6-b39e-002590a1379b",
          "linkProject": "https://tlauncher.org",
          "favorite": false,
          "categories": [],
          "picture": 73988,
          "pictures": [
            73989,
            73990
          ],
          "lanName": "tl-skin-and-cape",
          "version": {
            "id": 11005304,
            "name": "1.32",
            "updateDate": 1689852268000,
            "type": "release",
            "gameVersionsDTO": [
              {
                "id": 45,
                "name": "1.20"
              },
              {
                "id": 46,
                "name": "1.20.1"
              }
            ],
            "metadata": {
              "sha1": "9bc281bded68d66f4023f9d6ba0da0ebec7824c1",
              "size": 739719,
              "path": "mods/tl_skin_cape_fabric_1.20_1.20.1-1.32.jar",
              "url": "/mods/23319583/11005303/tl_skin_cape_fabric_1.20_1.20.1-1.32.jar"
            },
            "available": false,
            "minecraftVersionTypes": [
              {
                "id": 2,
                "name": "fabric"
              }
            ]
          },
          "downloadMonth": 332992,
          "userInstall": false,
          "populateStatus": false,
          "dependencies": [],
          "lastGameVersion": {
            "id": 57,
            "name": "1.21.4"
          },
          "updated": 1735569740000,
          "update": 1735569740000,
          "downloadALL": 409124940,
          "available": true,
          "parser": false,
          "totalComments": 0,
          "adult": false
        },
        {
          "stateGameElement": "active",
          "id": 394468,
          "name": "Sodium",
          "author": "jellysquid_",
          "linkProject": "https://www.curseforge.com/minecraft/mc-mods/sodium",
          "favorite": false,
          "categories": [
            {
              "id": 22,
              "name": "mc_miscellaneous",
              "shortName": "mixed",
              "nesting": 0
            }
          ],
          "picture": 809954,
          "pictures": [],
          "lanName": "sodium",
          "version": {
            "id": 6237505,
            "name": "sodium-fabric-0.5.12-beta.2+mc1.20.1",
            "updateDate": 1740531351000,
            "type": "beta",
            "gameVersionsDTO": [
              {
                "id": 46,
                "name": "1.20.1"
              }
            ],
            "metadata": {
              "sha1": "8f6bdf3c1fe2737f819fd4f186f5d89ad68d2e51",
              "size": 971376,
              "path": "mods/sodium-fabric-0.5.12-beta.2+mc1.20.1.jar",
              "url": "/mods/394468/6237505/sodium-fabric-0.5.12-beta.2+mc1.20.1.jar"
            },
            "available": false,
            "minecraftVersionTypes": [
              {
                "id": 2,
                "name": "fabric"
              },
              {
                "id": 4,
                "name": "quilt"
              }
            ]
          },
          "downloadMonth": 889,
          "userInstall": false,
          "populateStatus": false,
          "dependencies": [],
          "lastGameVersion": {
            "id": 57,
            "name": "1.21.4"
          },
          "updated": 1740517200000,
          "update": 1740517200000,
          "downloadALL": 7148136,
          "available": true,
          "parser": true,
          "totalComments": 0,
          "adult": false
        },
        {
          "stateGameElement": "active",
          "id": 306612,
          "name": "Fabric API",
          "author": "",
          "linkProject": "https://www.curseforge.com/minecraft/mc-mods/fabric-api",
          "favorite": false,
          "categories": [
            {
              "id": 7,
              "name": "library_api",
              "shortName": "api",
              "nesting": 0
            }
          ],
          "picture": 778706,
          "pictures": [],
          "lanName": "fabric-api",
          "version": {
            "id": 6036402,
            "name": "fabric-api-0.92.3+1.20.1",
            "updateDate": 1735564834000,
            "type": "release",
            "gameVersionsDTO": [
              {
                "id": 46,
                "name": "1.20.1"
              }
            ],
            "metadata": {
              "sha1": "4fc46246c5e97514ffc563ca68338cf35d9976d0",
              "size": 2107985,
              "path": "mods/fabric-api-0.92.3+1.20.1.jar",
              "url": "/mods/306612/6036402/fabric-api-0.92.3+1.20.1.jar"
            },
            "available": false,
            "minecraftVersionTypes": [
              {
                "id": 2,
                "name": "fabric"
              }
            ]
          },
          "downloadMonth": 1786,
          "userInstall": false,
          "populateStatus": false,
          "dependencies": [],
          "lastGameVersion": {
            "id": 57,
            "name": "1.21.4"
          },
          "updated": 1740603600000,
          "update": 1740603600000,
          "downloadALL": 10796862,
          "available": true,
          "parser": true,
          "totalComments": 0,
          "adult": false
        },
        {
          "stateGameElement": "active",
          "id": 844662,
          "name": "[EMF] Entity Model Features [Fabric & Forge]",
          "author": "traben_0",
          "linkProject": "https://www.curseforge.com/minecraft/mc-mods/entity-model-features",
          "favorite": false,
          "categories": [
            {
              "id": 13,
              "name": "world_mobs",
              "shortName": "mobs",
              "nesting": 0
            },
            {
              "id": 3,
              "name": "cosmetic",
              "shortName": "cosmetic",
              "nesting": 0
            }
          ],
          "picture": 821189,
          "pictures": [],
          "lanName": "entity-model-features",
          "version": {
            "id": 6001135,
            "name": "entity_model_features_fabric_1.20.1-2.4.1",
            "updateDate": 1734492646000,
            "type": "release",
            "gameVersionsDTO": [
              {
                "id": 45,
                "name": "1.20"
              },
              {
                "id": 46,
                "name": "1.20.1"
              }
            ],
            "metadata": {
              "sha1": "991dc106ff0926524b2493eb60b473c81127f633",
              "size": 444272,
              "path": "mods/entity_model_features_fabric_1.20.1-2.4.1.jar",
              "url": "/mods/844662/6001135/entity_model_features_fabric_1.20.1-2.4.1.jar"
            },
            "available": false,
            "minecraftVersionTypes": [
              {
                "id": 2,
                "name": "fabric"
              },
              {
                "id": 4,
                "name": "quilt"
              }
            ]
          },
          "downloadMonth": 0,
          "userInstall": false,
          "populateStatus": false,
          "dependencies": [
            {
              "gameType": "mod",
              "id": 5461,
              "name": "[ETF] Entity Texture Features - [Fabric & Forge]",
              "gameEntityId": 568563,
              "dependencyType": "required"
            }
          ],
          "lastGameVersion": {
            "id": 57,
            "name": "1.21.4"
          },
          "updated": 1734469200000,
          "update": 1734469200000,
          "downloadALL": 775209,
          "available": true,
          "parser": true,
          "totalComments": 0,
          "adult": false
        },
        {
          "stateGameElement": "active",
          "id": 568563,
          "name": "[ETF] Entity Texture Features - [Fabric & Forge]",
          "author": "traben_0",
          "linkProject": "https://www.curseforge.com/minecraft/mc-mods/entity-texture-features-fabric",
          "favorite": false,
          "categories": [
            {
              "id": 3,
              "name": "cosmetic",
              "shortName": "cosmetic",
              "nesting": 0
            }
          ],
          "picture": 821165,
          "pictures": [
            268135,
            287794,
            268134,
            287793,
            268130,
            268132,
            588928,
            287791,
            287792,
            268129,
            268131,
            287789,
            268133,
            268140,
            287790,
            323605
          ],
          "lanName": "entity-texture-features-fabric",
          "version": {
            "id": 5982137,
            "name": "entity_texture_features_fabric_1.20.1-6.2.9",
            "updateDate": 1733898324000,
            "type": "release",
            "gameVersionsDTO": [
              {
                "id": 45,
                "name": "1.20"
              },
              {
                "id": 46,
                "name": "1.20.1"
              }
            ],
            "metadata": {
              "sha1": "9b58aefda15d675d7b7da57f743ec34f7521d23a",
              "size": 652400,
              "path": "mods/entity_texture_features_fabric_1.20.1-6.2.9.jar",
              "url": "/mods/568563/5982137/entity_texture_features_fabric_1.20.1-6.2.9.jar"
            },
            "available": false,
            "minecraftVersionTypes": [
              {
                "id": 2,
                "name": "fabric"
              },
              {
                "id": 4,
                "name": "quilt"
              }
            ]
          },
          "downloadMonth": 0,
          "userInstall": false,
          "populateStatus": false,
          "dependencies": [],
          "lastGameVersion": {
            "id": 57,
            "name": "1.21.4"
          },
          "updated": 1735765200000,
          "update": 1735765200000,
          "downloadALL": 883613,
          "available": true,
          "parser": true,
          "totalComments": 0,
          "adult": false
        },
        {
          "stateGameElement": "active",
          "id": 32274,
          "name": "JourneyMap",
          "author": "techbrew",
          "linkProject": "https://www.curseforge.com/minecraft/mc-mods/journeymap",
          "favorite": false,
          "categories": [
            {
              "id": 6,
              "name": "map_information",
              "shortName": "maps",
              "nesting": 0
            }
          ],
          "picture": 787401,
          "pictures": [],
          "lanName": "journeymap",
          "version": {
            "id": 5789354,
            "name": "journeymap-1.20.1-5.10.3-fabric",
            "updateDate": 1728241034000,
            "type": "release",
            "gameVersionsDTO": [
              {
                "id": 46,
                "name": "1.20.1"
              }
            ],
            "metadata": {
              "sha1": "d21f82961c65df520df28ec75f045f4c89213de0",
              "size": 7209178,
              "path": "mods/journeymap-1.20.1-5.10.3-fabric.jar",
              "url": "/mods/32274/5789354/journeymap-1.20.1-5.10.3-fabric.jar"
            },
            "available": false,
            "minecraftVersionTypes": [
              {
                "id": 2,
                "name": "fabric"
              },
              {
                "id": 4,
                "name": "quilt"
              }
            ]
          },
          "downloadMonth": 40310,
          "userInstall": false,
          "populateStatus": false,
          "dependencies": [
            {
              "gameType": "mod",
              "id": 5027,
              "name": "JourneyMap Tools",
              "gameEntityId": 226005,
              "dependencyType": "tools"
            }
          ],
          "lastGameVersion": {
            "id": 57,
            "name": "1.21.4"
          },
          "updated": 1739998800000,
          "update": 1739998800000,
          "downloadALL": 40830409,
          "available": true,
          "parser": true,
          "totalComments": 0,
          "adult": false
        }
      ],
      "resourcePacks": [
        {
          "stateGameElement": "active",
          "id": 453763,
          "name": "Fresh Animations",
          "author": "freshlx_official",
          "linkProject": "https://www.curseforge.com/minecraft/texture-packs/fresh-animations",
          "favorite": false,
          "categories": [
            {
              "id": 47,
              "name": "animated",
              "shortName": "animated",
              "nesting": 0
            },
            {
              "id": 50,
              "name": "modern",
              "shortName": "modern",
              "nesting": 0
            },
            {
              "id": 41,
              "name": "sixteen_x",
              "shortName": "16x",
              "nesting": 0
            },
            {
              "id": 53,
              "name": "traditional",
              "shortName": "traditional",
              "nesting": 0
            },
            {
              "id": 54,
              "name": "miscellaneous",
              "shortName": "miscellaneous",
              "nesting": 0
            }
          ],
          "picture": 820693,
          "pictures": [
            229726,
            229715,
            229719,
            229718,
            229717,
            213112,
            280677,
            230700,
            229714,
            280678,
            229713,
            229716,
            229720,
            229725,
            229724,
            229723,
            229721
          ],
          "lanName": "fresh-animations",
          "version": {
            "id": 5494142,
            "name": "_v1.9.2",
            "updateDate": 1719885552000,
            "type": "beta",
            "gameVersionsDTO": [
              {
                "id": 50,
                "name": "1.20.5"
              },
              {
                "id": 53,
                "name": "1.21.1"
              },
              {
                "id": 45,
                "name": "1.20"
              },
              {
                "id": 48,
                "name": "1.20.3"
              },
              {
                "id": 52,
                "name": "1.21"
              },
              {
                "id": 44,
                "name": "1.19.4"
              },
              {
                "id": 51,
                "name": "1.20.6"
              },
              {
                "id": 46,
                "name": "1.20.1"
              },
              {
                "id": 47,
                "name": "1.20.2"
              },
              {
                "id": 49,
                "name": "1.20.4"
              }
            ],
            "metadata": {
              "sha1": "fa3acddc73ac1c1b037caf3ebb0c59b6790f14f2",
              "size": 517978,
              "path": "resourcepacks/FreshAnimations_v1.9.2.zip",
              "url": "/resourcepacks/453763/5494142/FreshAnimations_v1.9.2.zip"
            },
            "available": false,
            "minecraftVersionTypes": []
          },
          "downloadMonth": 0,
          "userInstall": false,
          "populateStatus": false,
          "dependencies": [
            {
              "gameType": "mod",
              "id": 7120,
              "name": "[EMF] Entity Model Features [Fabric & Forge]",
              "gameEntityId": 844662,
              "dependencyType": "required"
            }
          ],
          "lastGameVersion": {
            "id": 57,
            "name": "1.21.4"
          },
          "updated": 1738347291000,
          "update": 1738347291000,
          "downloadALL": 6284472,
          "available": true,
          "parser": true,
          "totalComments": 0,
          "adult": false
        },
        {
          "stateGameElement": "active",
          "id": 551206,
          "name": "Simple Grass Flowers",
          "author": "jamieprobably",
          "linkProject": "https://www.curseforge.com/minecraft/texture-packs/simple-grass-flowers",
          "favorite": false,
          "categories": [
            {
              "id": 22,
              "name": "mc_miscellaneous",
              "shortName": "mixed",
              "nesting": 0
            },
            {
              "id": 41,
              "name": "sixteen_x",
              "shortName": "16x",
              "nesting": 0
            },
            {
              "id": 53,
              "name": "traditional",
              "shortName": "traditional",
              "nesting": 0
            }
          ],
          "picture": 865615,
          "pictures": [
            865621,
            865618,
            865622,
            865619,
            865620,
            865624,
            865625,
            865623
          ],
          "lanName": "simple-grass-flowers",
          "version": {
            "id": 6050668,
            "name": "v1.9.3",
            "updateDate": 1735943651000,
            "type": "release",
            "gameVersionsDTO": [
              {
                "id": 57,
                "name": "1.21.4"
              },
              {
                "id": 54,
                "name": "1.21.2"
              },
              {
                "id": 37,
                "name": "1.19.1"
              },
              {
                "id": 33,
                "name": "1.18"
              },
              {
                "id": 29,
                "name": "1.16.3"
              },
              {
                "id": 46,
                "name": "1.20.1"
              },
              {
                "id": 38,
                "name": "1.19.2"
              },
              {
                "id": 55,
                "name": "1.21.3"
              },
              {
                "id": 31,
                "name": "1.16.5"
              },
              {
                "id": 28,
                "name": "1.16.2"
              },
              {
                "id": 40,
                "name": "1.16"
              },
              {
                "id": 53,
                "name": "1.21.1"
              },
              {
                "id": 45,
                "name": "1.20"
              },
              {
                "id": 35,
                "name": "1.18.2"
              },
              {
                "id": 44,
                "name": "1.19.4"
              },
              {
                "id": 49,
                "name": "1.20.4"
              },
              {
                "id": 24,
                "name": "1.15"
              },
              {
                "id": 51,
                "name": "1.20.6"
              },
              {
                "id": 50,
                "name": "1.20.5"
              },
              {
                "id": 30,
                "name": "1.16.4"
              },
              {
                "id": 26,
                "name": "1.15.2"
              },
              {
                "id": 47,
                "name": "1.20.2"
              },
              {
                "id": 27,
                "name": "1.16.1"
              },
              {
                "id": 48,
                "name": "1.20.3"
              },
              {
                "id": 52,
                "name": "1.21"
              },
              {
                "id": 39,
                "name": "1.17"
              },
              {
                "id": 34,
                "name": "1.18.1"
              },
              {
                "id": 32,
                "name": "1.17.1"
              },
              {
                "id": 25,
                "name": "1.15.1"
              },
              {
                "id": 36,
                "name": "1.19"
              },
              {
                "id": 43,
                "name": "1.19.3"
              }
            ],
            "metadata": {
              "sha1": "fdafa58e4f5e79917d8d911b0aee2428d0423798",
              "size": 79949,
              "path": "resourcepacks/Simple Grass Flowers v1.9.3.zip",
              "url": "/resourcepacks/551206/6050668/Simple%20Grass%20Flowers%20v1.9.3.zip"
            },
            "available": false,
            "minecraftVersionTypes": []
          },
          "downloadMonth": 0,
          "userInstall": false,
          "populateStatus": false,
          "dependencies": [],
          "lastGameVersion": {
            "id": 57,
            "name": "1.21.4"
          },
          "updated": 1735851600000,
          "update": 1735851600000,
          "downloadALL": 421690,
          "available": true,
          "parser": true,
          "totalComments": 0,
          "adult": false
        }
      ],
      "maps": [],
      "shaderpacks": [],
      "gameVersionDTO": {
        "id": 46,
        "name": "1.20.1"
      },
      "minecraftVersionName": {
        "id": 8349,
        "name": "0.16.10"
      },
      "id": -20332277997601,
      "name": "1.0",
      "available": false,
      "minecraftVersionTypes": [
        {
          "id": 2,
          "name": "fabric"
        }
      ]
    },
    "userInstall": false,
    "populateStatus": false,
    "available": false,
    "parser": false,
    "totalComments": 0
  },
  "source": "local_version_repo",
  "jar": "1.20.1",
  "skinVersion": true
}